{"cameraMode":{"drawMode":0,"name":"Shaded","section":"Shading Mode"},"sceneLighting":false,"audioPlay":false,"sceneViewState":{"showFog":true,"showMaterialUpdate":true,"showSkybox":false,"showFlares":true,"showImageEffects":true,"showParticleSystems":true},"in2DMode":false,"pivot":{"x":0.002165079116821289,"y":0.11085803061723709,"z":-0.0027316808700561525},"rotation":{"x":0.6712530851364136,"y":-1.0742220268866731e-7,"z":1.616148352923119e-7,"w":0.7412286996841431},"size":2.1318559646606447,"orthographic":false}