{"cameraMode":{"drawMode":0,"name":"Shaded","section":"Shading Mode"},"sceneLighting":true,"audioPlay":false,"sceneViewState":{"showFog":true,"showMaterialUpdate":true,"showSkybox":true,"showFlares":true,"showImageEffects":true,"showParticleSystems":true},"in2DMode":false,"pivot":{"x":-18.08473777770996,"y":0.8747804760932922,"z":-5.544234752655029},"rotation":{"x":0.29829907417297366,"y":-0.02290451154112816,"z":0.007160569541156292,"w":0.9541710019111633},"size":67.71226501464844,"orthographic":true}